id;name;phone_number;gender;address_line_1;address_line_2;address_line_3;address_line_4;town_city;county;zip
1;Assistant;Generic heuristic;FEMALE;Rustic Team-oriented firmware;empower Auto Loan Account Music;Principal sky blue;generate Hong Kong alarm;multi-byte;relationships Ball Extended;synthesize mobile
2;Direct;Villages fuchsia Administrator;DIVERSE;artificial intelligence;bypass Awesome Steel Tuna Spurs;Specialist copying;protocol;quantifying Handmade;violet Compatible primary;Credit Card Account
3;Algerian Dinar;Accounts Falkland Islands Pound;DIVERSE;redundant;quantifying Lead;invoice;Personal Loan Account Nevada;Court Balboa US Dollar FTP;Concrete;application
4;hacking;Hat relationships;DIVERSE;override;Ports Outdoors Horizontal;generating Kenya Handcrafted;Architect Shirt Liaison;overriding Rustic Cotton Table;approach maroon Branding;Via
5;transmitting Virtual;initiatives multi-tasking;DIVERSE;International;Steel black;Small Manat upward-trending;Refined Concrete Chips Buckinghamshire;SAS Kids Future;Stand-alone Intranet;Serbian Dinar Cambridgeshire
6;SMTP deposit neural;e-business withdrawal;DIVERSE;Cocos (Keeling) Islands scale Checking Account;Maine bypass embrace;Specialist South Carolina indexing;monitor synthesizing salmon;Executive full-range back up;neural Games orange;multi-byte hard drive Loaf
7;microchip fuchsia;Fantastic invoice;MALE;XSS Jordan Wooden;Bacon Loop;Refined Steel Soap;online calculate turquoise;Graphical User Interface Rhode Island Mandatory;Tajikistan;Ville payment Parkway
8;scalable Washington foreground;SSL;MALE;Engineer Global;New Mexico Wooden uniform;Human Internal Data;synthesize;radical Connecticut;leading edge Kiribati parse;Convertible Marks
9;Assistant Netherlands Antillian Guilder;Music Sao Tome and Principe;MALE;redundant backing up e-tailers;Home Loan Account;zero tolerance Lakes;Grocery;Ball Central Proactive;Comoro Franc Loaf generating;pixel reboot
10;Georgia Syrian Pound;Assistant Somalia Frozen;FEMALE;Investor Checking Account Pula;calculating;Brand payment back up;web-readiness Executive circuit;Junction Fresh open-source;convergence XSS;Markets
